{"accuracy": [0.9841769337654114, 0.9844436645507812, 0.9844436645507812], "loss": [0.022530512884259224, 0.022649910300970078, 0.0226286668330431], "precision": [0.012820512987673283, 0.0, 0.0], "recall": [0.00022563176753465086, 0.0, 0.0], "val_accuracy": [0.9990358352661133, 0.9990358352661133, 0.9990358352661133], "val_loss": [0.0068632918410003185, 0.00670261774212122, 0.0059799738228321075], "val_precision": [0.0, 0.0, 0.0], "val_recall": [0.0, 0.0, 0.0]}