{"accuracy": [0.9792804718017578, 0.9883468151092529, 0.9899157881736755, 0.9898420572280884, 0.9904913902282715, 0.9907195568084717], "loss": [0.0052836304530501366, 0.003639715490862727, 0.003194584045559168, 0.0030762511305510998, 0.002900941763073206, 0.002840664004907012], "precision": [0.40431898832321167, 0.5946866273880005, 0.6357304453849792, 0.634065568447113, 0.6525048613548279, 0.6582860946655273], "recall": [0.7012635469436646, 0.7879061102867126, 0.8237816095352173, 0.8206227421760559, 0.8316786885261536, 0.8388988971710205], "val_accuracy": [0.9981714487075806, 0.9886796474456787, 0.9934837222099304, 0.9916385412216187, 0.9937164187431335, 0.9946473240852356], "val_loss": [0.001541727571748197, 0.0021940378937870264, 0.0017516876105219126, 0.0019002249464392662, 0.0018072688253596425, 0.0015666247345507145], "val_precision": [0.0357142873108387, 0.007898894138634205, 0.008823529817163944, 0.008830022066831589, 0.006172839552164078, 0.018248174339532852], "val_recall": [0.03448275849223137, 0.08620689809322357, 0.0517241396009922, 0.06896551698446274, 0.03448275849223137, 0.08620689809322357]}