{"accuracy": [0.97677081823349, 0.9865040183067322, 0.9889680743217468, 0.9898385405540466, 0.9897262454032898, 0.9878624081611633, 0.9844436645507812, 0.9844436645507812, 0.9844436645507812, 0.9844436645507812, 0.9844436645507812], "loss": [0.005212869495153427, 0.003935493063181639, 0.0033951408695429564, 0.003549715271219611, 0.003430403769016266, 0.08003430813550949, 0.22566881775856018, 0.22566872835159302, 0.22566868364810944, 0.2256687432527542, 0.22566884756088257], "precision": [0.36910179257392883, 0.5453842878341675, 0.6085565090179443, 0.6331197023391724, 0.6293622255325317, 0.6263622045516968, 0.0, 0.0, 0.0, 0.0, 0.0], "recall": [0.695397138595581, 0.7958032488822937, 0.8152076005935669, 0.8246841430664062, 0.8260378837585449, 0.5446751117706299, 0.0, 0.0, 0.0, 0.0, 0.0], "val_accuracy": [0.9639277458190918, 0.9931512475013733, 0.9963262677192688, 0.9984872937202454, 0.9911730885505676, 0.9990358352661133, 0.9990358352661133, 0.9990358352661133, 0.9990358352661133, 0.9990358352661133, 0.9990358352661133], "val_loss": [0.004167134407907724, 0.0016377940773963928, 0.001463928259909153, 0.013959312811493874, 0.001931446953676641, 0.013986146077513695, 0.013986146077513695, 0.013986146077513695, 0.013986146077513695, 0.013986146077513695, 0.013986146077513695], "val_precision": [0.0042253523133695126, 0.01373626384884119, 0.017751479521393776, 0.02857142873108387, 0.0143737168982625, 0.0, 0.0, 0.0, 0.0, 0.0, 0.0], "val_recall": [0.1551724076271057, 0.08620689809322357, 0.0517241396009922, 0.017241379246115685, 0.12068965286016464, 0.0, 0.0, 0.0, 0.0, 0.0, 0.0]}